volunteer_id,skills,interests,location,availability,experience,preferred_mode,hours_per_week
V001,Fundraising,Healthcare,Delhi,Tuesday; Saturday,Advanced,Hybrid,10
V002,Translation,Education; Disaster Relief; Environment,Remote,Tuesday; Friday,Beginner,Hybrid,4
V003,Communication; Public Speaking; Social Media; First Aid,Education,Kota,Saturday; Thursday,Intermediate,Offline,4
V004,Web Development; Photography; Python,Child Welfare,Jodhpur,Friday; Wednesday; Monday,Advanced,Offline,8
V005,Public Speaking,Poverty Alleviation; Digital Literacy; Child Welfare,Jaipur,Saturday; Monday,Advanced,Offline,6
V006,Graphic Design,Elderly Care,Gurugram,Thursday; Saturday; Wednesday,Intermediate,Online,4
V007,Web Development; Public Speaking; Data Entry,Animal Welfare; Disability Support; Healthcare,Ajmer,Thursday; Sunday,Advanced,Hybrid,10
V008,Data Entry; Translation,Education; Healthcare; Disaster Relief,Noida,Thursday; Wednesday; Monday,Advanced,Hybrid,6
V009,Digital Literacy; Photography,Poverty Alleviation; Rural Development; Animal Welfare,Udaipur,Tuesday; Sunday; Friday,Intermediate,Hybrid,10
V010,First Aid; Content Writing; Graphic Design; Web Development,Disability Support; Rural Development; Environment,Delhi,Sunday,Beginner,Hybrid,4
V011,Web Development; Photography; Communication; Public Speaking,Rural Development; Disability Support; Women Empowerment,Delhi,Saturday,Advanced,Hybrid,6
V012,Public Speaking; Photography; Web Development,Rural Development,Ajmer,Saturday,Advanced,Offline,10
V013,Public Speaking,Poverty Alleviation; Disability Support; Digital Literacy,Gurugram,Tuesday; Wednesday,Advanced,Hybrid,2
V014,Teaching; Python; Content Writing,Women Empowerment; Healthcare,Remote,Tuesday,Beginner,Offline,12
V015,Social Media; Web Development; Data Entry; Event Management,Disability Support,Remote,Wednesday; Friday,Intermediate,Offline,10
V016,Public Speaking; Photography,Poverty Alleviation; Disaster Relief; Child Welfare,Noida,Friday; Thursday; Monday; Tuesday,Beginner,Online,2
V017,Event Management; Teaching,Environment; Poverty Alleviation; Education,Kota,Monday; Sunday,Beginner,Hybrid,4
V018,Digital Literacy; Graphic Design; Fundraising,Animal Welfare; Digital Literacy; Poverty Alleviation,Delhi,Tuesday; Thursday; Saturday; Sunday,Beginner,Hybrid,8
V019,Translation; Event Management; Digital Literacy,Disaster Relief; Education,Alwar,Monday,Advanced,Online,2
V020,Photography; Fundraising,Rural Development,Ajmer,Thursday; Tuesday,Intermediate,Offline,2
V021,Graphic Design; Teaching; Data Entry; Fundraising,Education; Environment; Healthcare,Jodhpur,Thursday; Sunday,Beginner,Online,2
V022,Teaching; Photography,Women Empowerment; Rural Development,Jodhpur,Thursday; Saturday; Friday,Beginner,Offline,6
V023,Python; Healthcare,Child Welfare,Remote,Monday,Intermediate,Hybrid,10
V024,Web Development; Translation,Animal Welfare,Delhi,Friday,Advanced,Offline,8
V025,Event Management,Digital Literacy; Disaster Relief; Education,Remote,Thursday,Advanced,Hybrid,6
V026,Data Entry; Graphic Design; Social Media,Elderly Care,Ajmer,Saturday; Sunday,Intermediate,Online,2
V027,Graphic Design,Environment; Disability Support,Gurugram,Friday; Wednesday,Intermediate,Offline,4
V028,Content Writing; Event Management; Translation,Disability Support; Women Empowerment,Udaipur,Saturday,Intermediate,Hybrid,2
V029,Graphic Design; Communication,Environment; Disability Support,Remote,Wednesday; Sunday,Beginner,Hybrid,6
V030,Fundraising; Digital Literacy,Rural Development; Women Empowerment; Education,Alwar,Saturday,Intermediate,Offline,2
V031,Fundraising; Web Development; Healthcare,Rural Development,Gurugram,Friday; Monday; Saturday; Sunday,Advanced,Offline,6
V032,Social Media; Teaching,Women Empowerment; Child Welfare,Noida,Wednesday,Advanced,Offline,12
V033,Translation,Digital Literacy; Animal Welfare,Gurugram,Sunday; Tuesday,Intermediate,Offline,4
V034,Event Management; Social Media; Web Development,Disaster Relief; Environment,Noida,Sunday; Monday; Thursday; Tuesday,Intermediate,Online,6
V035,Teaching; Data Entry,Healthcare,Kota,Wednesday; Sunday; Monday; Saturday,Advanced,Hybrid,8
V036,Graphic Design; Communication; Social Media,Animal Welfare,Alwar,Monday; Sunday; Friday,Intermediate,Hybrid,6
V037,Graphic Design; Photography; Public Speaking; Digital Literacy,Women Empowerment; Education; Elderly Care,Udaipur,Friday,Advanced,Hybrid,12
V038,Translation; Python,Poverty Alleviation; Child Welfare,Udaipur,Saturday; Monday; Wednesday,Intermediate,Hybrid,8
V039,Public Speaking; Fundraising; Web Development,Healthcare; Elderly Care,Alwar,Saturday; Sunday; Tuesday; Wednesday,Advanced,Offline,6
V040,Translation; First Aid; Public Speaking,Digital Literacy,Noida,Thursday; Sunday; Saturday,Advanced,Online,12
V041,Web Development; Social Media,Disability Support; Poverty Alleviation; Digital Literacy,Noida,Monday; Tuesday; Wednesday,Beginner,Offline,2
V042,Digital Literacy,Digital Literacy,Alwar,Thursday,Advanced,Hybrid,4
V043,First Aid; Graphic Design; Web Development; Data Entry,Disaster Relief; Education,Alwar,Sunday,Beginner,Offline,12
V044,Event Management; Communication; Translation; Python,Rural Development,Udaipur,Sunday; Thursday,Advanced,Hybrid,6
V045,Translation; Digital Literacy; Fundraising; Event Management,Animal Welfare; Rural Development; Poverty Alleviation,Udaipur,Sunday; Tuesday; Wednesday,Intermediate,Hybrid,4
V046,Web Development; Healthcare; Social Media,Healthcare; Women Empowerment,Gurugram,Wednesday; Friday; Monday,Beginner,Offline,8
V047,Photography; Python,Elderly Care; Disaster Relief; Child Welfare,Alwar,Thursday; Monday; Tuesday; Sunday,Advanced,Hybrid,2
V048,Teaching; Content Writing; Social Media; First Aid,Elderly Care; Disaster Relief,Ajmer,Thursday; Tuesday,Intermediate,Online,2
V049,First Aid; Healthcare; Web Development; Event Management,Animal Welfare; Digital Literacy,Remote,Thursday,Advanced,Hybrid,2
V050,Translation,Animal Welfare; Rural Development; Disaster Relief,Alwar,Wednesday,Intermediate,Offline,8
V051,First Aid; Social Media; Digital Literacy,Elderly Care; Women Empowerment,Jaipur,Thursday,Advanced,Hybrid,2
V052,Web Development; First Aid; Data Entry,Education,Noida,Tuesday,Beginner,Hybrid,4
V053,Digital Literacy; Data Entry,Environment,Ajmer,Thursday; Saturday,Intermediate,Offline,10
V054,Public Speaking,Environment,Remote,Wednesday,Advanced,Online,8
V055,Event Management; Python,Disaster Relief,Delhi,Sunday; Saturday; Friday,Advanced,Offline,6
V056,Healthcare; Python; Fundraising; Data Entry,Child Welfare; Education; Elderly Care,Gurugram,Monday; Thursday; Wednesday; Saturday,Intermediate,Offline,12
V057,Digital Literacy; Event Management; Photography,Disaster Relief; Digital Literacy; Women Empowerment,Ajmer,Sunday; Tuesday; Monday,Intermediate,Offline,8
V058,Teaching; Event Management; Translation; Content Writing,Animal Welfare; Rural Development,Kota,Wednesday; Sunday,Intermediate,Hybrid,12
V059,Teaching; Fundraising; Graphic Design,Environment; Healthcare; Elderly Care,Jodhpur,Friday; Tuesday; Thursday; Sunday,Beginner,Offline,6
V060,Event Management; Social Media,Poverty Alleviation; Digital Literacy,Kota,Thursday; Friday; Saturday,Intermediate,Hybrid,10
V061,Communication; Social Media; Digital Literacy,Women Empowerment; Healthcare,Noida,Saturday,Intermediate,Offline,12
V062,Photography; Healthcare,Rural Development,Remote,Saturday; Friday; Sunday,Intermediate,Offline,4
V063,Healthcare; Web Development; Social Media,Education,Jaipur,Wednesday; Monday,Advanced,Online,12
V064,Digital Literacy; Python,Education; Digital Literacy; Women Empowerment,Jaipur,Thursday; Sunday; Wednesday; Tuesday,Intermediate,Online,2
V065,Digital Literacy,Environment; Digital Literacy,Gurugram,Tuesday,Advanced,Online,2
V066,Translation; Public Speaking,Digital Literacy,Alwar,Sunday; Friday,Intermediate,Online,6
V067,Python; Public Speaking; Healthcare; Digital Literacy,Healthcare; Poverty Alleviation,Delhi,Wednesday; Saturday,Beginner,Offline,4
V068,Teaching,Elderly Care,Jaipur,Saturday; Friday; Thursday; Wednesday,Beginner,Online,12
V069,Communication; Python; Data Entry,Healthcare; Women Empowerment; Digital Literacy,Udaipur,Thursday; Monday,Beginner,Hybrid,4
V070,Web Development; Teaching; Digital Literacy,Women Empowerment,Ajmer,Thursday; Monday; Sunday,Advanced,Online,6
V071,Web Development; Public Speaking; Teaching; Photography,Disaster Relief; Child Welfare,Remote,Monday; Sunday; Tuesday,Advanced,Offline,12
V072,Python; First Aid; Communication,Animal Welfare; Rural Development; Disability Support,Jodhpur,Wednesday; Tuesday; Friday; Thursday,Beginner,Online,6
V073,Data Entry; Digital Literacy; Python; Web Development,Child Welfare; Elderly Care,Jodhpur,Wednesday; Saturday; Thursday; Monday,Beginner,Online,6
V074,First Aid; Translation; Fundraising,Education,Remote,Thursday; Monday; Tuesday; Wednesday,Intermediate,Hybrid,8
V075,Fundraising,Disability Support,Jodhpur,Wednesday; Thursday,Beginner,Offline,12
V076,Content Writing; Social Media,Disability Support; Education; Disaster Relief,Delhi,Monday; Tuesday; Sunday; Thursday,Advanced,Offline,8
V077,Fundraising; Photography; Translation,Rural Development; Disaster Relief; Healthcare,Remote,Friday; Tuesday; Thursday; Saturday,Advanced,Hybrid,4
V078,Translation,Child Welfare; Disability Support,Ajmer,Sunday; Monday; Wednesday,Advanced,Hybrid,12
V079,Communication; Fundraising; Event Management; Content Writing,Child Welfare,Remote,Thursday; Wednesday; Tuesday; Friday,Intermediate,Offline,8
V080,Digital Literacy,Disaster Relief; Elderly Care,Jaipur,Saturday; Sunday; Tuesday; Thursday,Beginner,Hybrid,10
V081,Communication; Python; Fundraising,Rural Development,Gurugram,Saturday,Intermediate,Hybrid,4
V082,Fundraising,Child Welfare; Digital Literacy,Kota,Saturday; Monday; Wednesday; Thursday,Advanced,Hybrid,8
V083,Web Development,Healthcare; Poverty Alleviation; Women Empowerment,Alwar,Saturday; Monday,Beginner,Hybrid,12
V084,Content Writing,Disaster Relief; Women Empowerment,Kota,Monday,Beginner,Online,6
V085,Social Media; Graphic Design; Fundraising,Elderly Care; Digital Literacy,Delhi,Tuesday; Sunday,Advanced,Online,10
V086,Social Media; Graphic Design,Rural Development; Poverty Alleviation,Jodhpur,Thursday; Wednesday; Monday,Intermediate,Hybrid,10
V087,Communication; Content Writing,Digital Literacy,Jodhpur,Saturday; Thursday; Wednesday,Intermediate,Offline,8
V088,Event Management; Photography; Public Speaking; Content Writing,Digital Literacy,Alwar,Saturday; Wednesday; Monday,Intermediate,Offline,10
V089,Digital Literacy,Women Empowerment; Healthcare; Digital Literacy,Remote,Tuesday; Saturday; Sunday,Intermediate,Hybrid,12
V090,Graphic Design; Communication,Poverty Alleviation; Disaster Relief; Education,Remote,Sunday; Thursday; Monday,Intermediate,Hybrid,4
V091,Data Entry,Disaster Relief; Elderly Care,Udaipur,Tuesday; Sunday,Intermediate,Hybrid,10
V092,Fundraising; Communication; Translation,Rural Development,Jodhpur,Saturday; Wednesday; Monday,Beginner,Offline,4
V093,Healthcare; Python; First Aid; Photography,Education; Women Empowerment; Disability Support,Kota,Thursday,Advanced,Hybrid,12
V094,First Aid; Translation; Data Entry,Child Welfare; Environment; Healthcare,Remote,Monday; Friday; Saturday; Wednesday,Beginner,Hybrid,2
V095,Public Speaking; Data Entry; Photography; Python,Animal Welfare; Education; Poverty Alleviation,Noida,Thursday; Monday; Saturday,Advanced,Offline,8
V096,Translation; Public Speaking; Healthcare; Digital Literacy,Animal Welfare; Elderly Care,Jodhpur,Sunday,Advanced,Online,6
V097,Healthcare,Healthcare; Rural Development; Poverty Alleviation,Delhi,Sunday; Wednesday,Advanced,Online,10
V098,First Aid; Social Media; Graphic Design,Environment,Jaipur,Monday; Saturday; Tuesday; Sunday,Intermediate,Offline,4
V099,Photography; Public Speaking,Healthcare,Remote,Wednesday; Tuesday,Beginner,Online,4
V100,Fundraising; First Aid,Animal Welfare; Environment; Education,Noida,Monday; Wednesday,Advanced,Online,2
